Adorable,Abandoned
Alluring,Abnormal
Amazing,Abominable
Appealing,Abused
Attractive,Acidic
Awe-inspiring,Aging
Awesome,Agitating
Amazingly comfortable,Agonizing
Attention-getting,Allergic
Awesome fit,Ambiguous
Aesthetic,Anarchic
Artistic,Annoying
Agile,Antiquated
Angelic,Anxious
Athletic,Ashy
Apropos,Astonishing
Accommodating,Atrocious
Alive,Atypical
Arousing,Avaricious
Ambrosial,Awful
Airtight,Awkward
Admirable,Awry
Authentic,Abnormality
Affectionate,Abomination
Angelic,Abortion
Accomplished,Abusive
Amusing,Adverse
Abundant,Adulterated
Affable,Adverse
Agreeable,Aged
Astounding,Aggravating
Assuring,Aggressive
Advantageous,Agitated
Aesthetic,Aimless
Adventurous,Airless
Appreciated,Alarming
Appreciative,Alienating
Adept,Allergic
Attractive,Ambiguous
Appealing,Ambivalent
Accessible,Amoral
Appreciable,Amputated
Amiable,Anarchistic
Astute,Anemic
Agile,Angered
Aesthetic,Anguished
Affirmative,Annoyed
Auspicious,Antagonistic
Ample,Antiquarian
Alive,Antisocial
Artful,Anxious
Accurate,Apathetic
Assertive,Apocalyptic
Affluent,Appalling
Authentic,Arbitrary
Ardent,Ardent
Ascendant,Arid
Ablaze,Arrogant
Accommodative,Arteriosclerotic
Awe-inspiring,Artless
Acceptable,Ashamed
Approachable,Ashen
Affectionate,Asinine
Appreciated,Assertive
Adaptable,Astonishing
Amicable,Astounding
Artesian,Augmented
Artistic,Authentic
Aspirational,Authoritarian
Aspiring,Autocratic
Artisanal,Automatic
Adored,Avant-garde
Acclaimed,Avaricious
Animated,Average
Atypical,Avoidable
Ablaze,Awakened
Ameliorative,Aware
Avant-garde,Awe-inspiring
Aromatic,Awful
Affable,Awkward
Asserted,Bad
Accomplishing,Baggy
Action-oriented,Barbaric
Asserting,Bare
Aspiring,Barren
Ambitious,Base
Astounding,Battered
Apropos,Beaten
All-around,Belated
Altruistic,Belittled
Accommodative,Berserk
Adventurous,Besieged
Astute,Betrayed
Amorous,Bewildered
Ardent,Biased
Attentive,Bizarre
Appeased,Blackened
Appreciatory,Blameworthy
Appropriate,Blanched
Alacritous,Bleak
Beautiful,Blighted
Bold,Blue
Breathable,Blunt
Bright,Boastful
Brilliant,Bogus
Best,Bothersome
Blissful,Boundless
Bodacious,Brash
Breezy,Brazen
Becoming,Breakable
Beguiling,Bribery
Bewitching,Brick-like
Blissful,Bridled
Boisterous,Brisk
Boss,Brittle
Brave,Broke
Breathtaking,Broken
Bright-eyed,Bumbling
Buoyant,Bumpy
Brisk,Burglarized
Beneficent,Burned
Beloved,Burrowed
Brilliantly designed,Burdensome
Balanced,Burnt
Beneficial,Bustling
Blissful,Busy
Beyond compare,Bygone
Brainy,Byzantine
Boldly styled,Backbreaking
Breathless,Backward
Beautifully crafted,Baffling
Beautifully designed,Balky
Beguilingly beautiful,Baneful
Best of the best,Bangled
Beyond expectations,Bankrupting
Bold and beautiful,Barbarous
Bold and brave,Barely-functioning
Bold and confident,Barmy
Bold and daring,Baroque
Bold and edgy,Battered-up
Bold and fearless,Battle-scarred
Bold and fabulous,Battling
Bold and fashionable,Beady
Bold and inspiring,Beaten-up
Bold and modern,Bedridden
Bold and trendy,Belittling
Bold and unique,Bewitched
Boldly beautiful,Biasedness
Boldly designed,Bickering
Boldly styled,Biting
Breathtakingly beautiful,Bitterness
Bright and colorful,Bizarrely
Bright and cheerful,Black-and-blue
Bright and elegant,Blackened-up
Bright and lively,Blamable
Bright and radiant,Blanching
Brilliant and bold,Blazing
Brilliantly colored,Cancelled
Brilliantly designed,Careless
Brilliantly executed,Catastrophic
Brilliantly fashioned,Censored
Brilliantly styled,Chaotic
Brimming with style,Cheap
Bubbly and fun,Cheesy
Buckle up for compliments,Chipped
Bursting with charm,Choking
Bursting with personality,Chopped
Bursting with style,Clashed
Business chic,Clashing
Beautifully accentuated,Clingy
Beautifully balanced,Clumsy
Beautifully constructed,Coarse
Beautifully coordinated,Cocky
Beautifully crafted,Cold
Beautifully designed,Collapsed
Beautifully executed,Colliding
Beautifully fashioned,Colorless
Beautifully finished,Comatose
Beautifully flattering,Combative
Beautifully handcrafted,Compromised
Beautifully made,Conceited
Beautifully presented,Condemned
Beautifully tailored,Condescending
Beautifully woven,Confined
Beautifully-crafted,Confused
Best-dressed,Constricted
Better than expected,Contaminated
Big and bold,Contemptible
Bold and dramatic,Contradictory
Bold and edgy,Contrarian
Bold and exciting,Corroded
Bold and fierce,Corrupt
Bold and modern,Costly
Bold and sexy,Counterfeit
Bold and sophisticated,Cracked
Bold and statement-making,Craftless
Bold and stylish,Cramped
Bold and trendy,Cranky
"Bold, yet feminine",Crappy
Brilliantly colored,Crashing
Chic,Crawling
Classic,Crazy
Comfortable,Creepy
Cool,Criminal
Cute,Cringe-worthy
Charming,Crinkled
Captivating,Crooked
Confident,Cross-eyed
Cozy,Crowded
Complimentary,Crude
Creative,Cruel
Carefree,Crushed
Charismatic,Cryptic
Clever,Crying
Colorful,Crippling
Confident,Crumbling
Contemporary,Crumpled
Comely,Crusty
Classy,Cryptic
Celebrated,Cursing
Canny,Curt
Cheerful,Cutthroat
Comfy,Cynical
Complete,Callous
Competent,Canceled
Confidently styled,Cancerous
Constructive,Candid
Crisp,Cannibalistic
Cultured,Capricious
Compliment-generating,Captious
Celebratory,Cardboard-like
Considerate,Carelessness
Charitable,Cashed-out
Co-operative,Cast-off
Capable,Casualty
Courageous,Catastrophically
Cutely designed,Caved-in
Cute and cozy,Celebrated
Cute and flirty,Censured
Cute and fun,Chaotically
Cute and girly,Chastised
Cute and stylish,Chatty
Cute and trendy,Chilling
Charming and attractive,Chintz-like
Charming and chic,Chipped-up
Charming and cute,Chokingly
Charming and elegant,Chopped-up
Charming and fashionable,Chronically
Charming and feminine,Clamorous
Charming and modern,Clashed-up
Charming and pretty,Clashing
Chic and contemporary,Clumsily
Chic and elegant,Damaged
Chic and fashionable,Damning
Chic and modern,Dangerous
Chic and sophisticated,Dark
Chic and stylish,Dated
Classic and timeless,Daunting
Classic and elegant,Dead
Classic and sophisticated,Deadly
Classic and stylish,Deafening
Comfortable and cozy,Debased
Comfortable and cute,Debatable
Comfortable and stylish,Debilitating
Comfortable and versatile,Decadent
Complimentary and flattering,Decayed
Creative and fun,Deceptive
Creative and unique,Decimated
Creative and colorful,Decrepit
Carefree and casual,Defaced
Carefree and comfortable,Defamed
Carefree and fun,Defective
Charismatic and confident,Defiant
Cleverly designed,Deficient
Colorful and vibrant,Defiled
Colorful and playful,Deformed
Colorful and fun,Degenerate
Confident and stylish,Degraded
Contemporary and chic,Dejected
Contemporary and stylish,Delayed
Comely and charming,Delicate
Compliment-worthy,Delinquent
Complimentary and stylish,Demanding
Cultured and elegant,Demolished
Cultured and sophisticated,Demonic
Cute and adorable,Dependent
Cute and comfortable,Deplorable
Cute and charming,Depressed
Cute and elegant,Deranged
Cute and girly,Desecrated
Cute and playful,Desolate
Cute and trendy,Despairing
Captivating and charming,Desperate
Captivating and elegant,Despicable
Captivating and fashionable,Destitute
Captivating and modern,Destroyed
Cheerful and bright,Destructive
Cheerful and fun,Detached
Cheerful and vibrant,Detrimental
Charming and attractive,Devastated
Dapper,Devastating
Dashing,Devilish
Darling,Diabolical
Dazzling,Diagnosed
Decadent,Diaphanous
Decent,Diarrhea
Delicate,Different
Delicious,Difficult
Delightful,Dilapidated
Demure,Diminished
Dependable,Dingy
Desirable,Dire
Devoted,Dirty
Dignified,Disappointing
Divine,Disapproving
Dreamy,Disastrous
Durable,Disbelieved
Dynamic,Disbelieved
Dainty,Discomforting
Dramatic,Disconcerting
Decadently styled,Disconnected
Debonair,Discontented
Dependable and versatile,Discordant
Desirable and elegant,Discouraging
Desirable and fashionable,Discredited
Desirable and stylish,Discriminatory
Devoted and dependable,Disdainful
Dignified and elegant,Disgraceful
Dignified and sophisticated,Disgusted
Divine and elegant,Disgusting
Divine and stylish,Dishonest
Dreamy and delicate,Disillusioned
Dreamy and elegant,Disinherited
Dreamy and feminine,Disliked
Dreamy and romantic,Dislocated
Durable and comfortable,Disloyal
Durable and stylish,Dismal
Dynamic and chic,Disobedient
Dynamic and modern,Disorganized
Dainty and feminine,Disowned
Dainty and elegant,Disparaging
Dainty and pretty,Displeased
Dramatic and eye-catching,Disposable
Dramatic and stylish,Disproportionate
Darling and adorable,Disrespectful
Darling and charming,Disruptive
Darling and cute,Dissatisfied
Darling and sweet,Dissimilar
Dapper and fashionable,Distasteful
Dapper and stylish,Distraught
Dashing and debonair,Distressed
Dashing and elegant,Disturbing
Dashing and stylish,Eerie
Dazzling and elegant,Egotistical
Dazzling and glamorous,Elusive
Dazzling and stylish,Embarrassing
Decadent and chic,Emptied
Decadent and stylish,Empty
Decent and comfortable,Enigmatic
Decent and stylish,Enraged
Delicate and charming,Enslaved
Delicate and feminine,Envious
Delicate and pretty,Erratic
Delicious and cozy,Erroneous
Delicious and stylish,Escalating
Delightful and charming,Esoteric
Delightful and cozy,Estranged
Delightful and stylish,Ethereal
Demure and feminine,Evasive
Demure and sophisticated,Evil
Dependable and comfortable,Exacerbated
Dependable and stylish,Exasperated
Desirable and comfortable,Excruciating
Desirable and versatile,Exhausted
Devoted and stylish,Exhausting
Dignified and classic,Expensive
Dignified and stylish,Expired
Divine and glamorous,Exploited
Divine and sophisticated,Exposed
Dreamy and comfortable,Expressionless
Dreamy and versatile,Extinct
Durable and reliable,Extravagant
Dynamic and versatile,Extreme
Dainty and cute,Eyeless
Dainty and stylish,Eyesore
Dramatic and bold,Egotistic
Dramatic and captivating,Enrapt
Dramatic and modern,Enrapturing
Darling and elegant,Enthusiasmless
Darling and stylish,Exaggerated
Dapper and debonair,Exanimate
Dapper and modern,Exasperating
Dashing and handsome,Exceptionless
Dashing and sophisticated,Excessive
Dazzling and luxurious,Excitable
Dazzling and trendy,Execrable
Decadent and luxurious,Exhaustive
Decent and dependable,Expeditious
Delicate and timeless,Expectant
Delightful and cozy.,Expired
Eager,Expository
Earthy,Expurgated
Easygoing,Extincted
Eclectic,Extinguished
Effervescent,Extraplanetary
Efficient,Extraordinary
Elegant,Extraverted
Elite,Extrinsic
Embellished,Exuberant
Embroidered,Exultant
Empowering,Enlarged
Endearing,Enlightened
Endless,Enthusiastic
Enduring,Erring
Energizing,Evanescent
Engaging,Everlasting
Enigmatic,Exalted
Enlivening,Exasperative
Enriching,Excitable
Enticing,Excited
Enviable,Exclusive
Essential,Excusable
Esteemed,Executable
Ethereal,Executive
Euphoric,Exemplary
Eventful,Exhaustable
Everlasting,Exhaustless
Evocative,Exhibitionistic
Exalted,Expansive
Excellent,Expansional
Exciting,Expected
Exclusive,Expedient
Exemplary,Expeditive
Exhilarating,Expellable
Exotic,Expensive-looking
Expertly crafted,Experienced
Expressive,Experimental
Exquisite,Exponential
Extraordinary,Expressed
Effortlessly stylish,Expressive
Elegant and chic,Expurgatorial
Elegant and sophisticated,Extendable
Elite and stylish,Extensible
Empowering and inspiring,External
Endearing and charming,Extinctive
Energizing and refreshing,Extrapolative
Engaging and captivating,Faded
Enriching and uplifting,Failing
Enticing and alluring,Faint
Essential and timeless.,Fake
Fabulous,Faltering
Fashionable,FALSE
Fearless,Fatigued
Feisty,Faulty
Feminine,Fawning
Festive,Fearful
Fetching,Feckless
Fine,Feeble
Flattering,Feigned
Flawless,Felonious
Flowing,Ferocious
Fluent,Fickle
Focused,Fiendish
Fond,Filthy
Forthright,Fined
Fortunate,Fissured
Fresh,Flaccid
Friendly,Flagging
Fun,Flawed
Funky,Flimsy
Gallant,Flippant
Game-changing,Flustered
Gem-like,Focused
Generous,Foggy
Gentle,Foolish
Genuine,Forbidding
Giddy,Forced
Gifted,Foreboding
Glamorous,Forgetful
Glittering,Forlorn
Glowing,Formalistic
Good-looking,Forsaken
Graceful,Fortuitous
Grand,Foul
Gratifying,Fractious
Great,Fragmentary
Groundbreaking,Frail
Groovy,Frantic
Growing,Fraught
Gutsy,Frazzled
Gorgeous,Freakish
Generous cut,Freezing
Glistening,Frenzied
Glitzy,Fretful
Goal-oriented,Frigid
Godly,Frivolous
Golden,Frowning
Good-hearted,Frozen
Good-natured,Frustrated
Goofy,Frustrating
Gracious,Fuddy-duddy
Grandiose,Full
Grateful,Full-bodied
Gratifyingly beautiful,Full-face
Great fitting,Full-grown
Great quality,Full-length
Great style,Full-mouthed
Greatest of all time,Full-of-the-moon
Green,Fully-grown
Growing trend,Fumbling
Guided,Fuming
Guilty pleasure,Funky
Gutsy design,Furious
Gentle and soft,Futile
Genuine and honest,Fuzzy
Gifted with style,Fading
Glamorous and chic,Failed
Glowing complexion,Faint-hearted
Gorgeous and stunning,Faithless
Graceful and poised,Fake-looking
Grand and luxurious,Fallen-in
Gratifying and fulfilling,False-hearted
Great color,Famished-looking
Great design,Fanatic
Great fabric,Fanatical-looking
Great finish,Fancy
Great material,Far-fetched
Great pattern,Farmhand
Great texture,Fashionable
Great workmanship,Fashioned
Groundbreaking style,Faultfinding
Gutsy fashion,Faulty-looking
Gorgeous fit,Favored
Gorgeous look,Fearless
Grandeur appeal,Feather-headed
Great attention to detail,Feeble-minded
Great craftsmanship,Feisty
Great durability,Felonious-looking
Great feel,Fermented
Great impact,Galling
Great innovation,Gambled
Great investment,Garish
Great look,Gaudy
Great performance,Gawkish
Great versatility,Gimmicky
Great vibe,Glaring
Great work,Glib
Growing fashion,Gloomy
Grown-up fashion,Glum
Guiding fashion,Goofy
Guiltless fashion,Gory
Gumption and style,Grating
Gentle and elegant,Greasy
Genuine quality,Grief-stricken
Gifted style,Grim
Glamorous appeal,Grimy
Glowing effect,Groggy
Gold standard fashion,Gross
Golden touch,Groundless
Good vibes,Grubby
Goodwill gesture,Gruesome
Gorgeous accent,Grumpy
Graceful appearance,Guileful
Grand and majestic,Guiltless
Grateful for the quality,Guilty
Gratifying to wear,Gullible
Great accent,Gusty
Great addition,Gutless
Great bargain,Gutter-minded
Great buy.,Gratuitous
Handsome,Grotesque
Happy,Grudging
Hardworking,Gruesome-looking
Harmonious,Guarded
Head-turning,Guileless
Heartfelt,Gullible-looking
Heavenly,Gummy
Helpful,Gun-shy
High-quality,Gusty-looking
Hip,Guttural
Historic,Guilty-looking
Holiday-ready,Giddy
Honest,Glowering
Hopeful,Grim-looking
Hot,Grotesque-looking
Humble,Gruff
Humorous,Grumpy-looking
Hypnotic,Grimacing
Hype-worthy,Groaning
Happy-go-lucky,Hackneyed
Hardworking design,Hair-raising
Harmonious color,Half-baked
Harmonizing fashion,Half-hearted
Head-turning style,Haphazard
Heartfelt emotion,Harassing
Heavenly fit,Hardheaded
Helpful design,Hardy
Helpful fashion,Harmful
High-end fashion,Harried
High-quality materials,Harsh
High-style fashion,Hastily
Hip style,Hateful
Historic appeal,Haughty
Holiday favorite,Hazy
Honest fashion,Headstrong
Hopeful design,Heartbreaking
Hot fashion,Heartless
Humble fashion,Heedless
Humorous fashion,Hesitant
Hypnotic effect,Hideous
Huggable material,Hilarious
Handcrafted design,Hissy
Handy fashion,Hoarse
Happy color,Hodgepodge
Happy-go-lucky style,Hollow
Hardworking style,Homely
Harmonious pattern,Hopeless
Head-to-toe fashion,Horrendous
Heartwarming look,Horrible
Heavenly touch,Horrific
Helpful fashion-forward design,Hostile
Helpful fashionista,Hot-headed
High fashion,Huffy
High-performance material,Humiliating
High-quality craftsmanship,Humming
High-style look,Heinous
Highlighting fashion,Humorless
Hip attitude,Hysterical
Historic moment,Half-assed
Historical fashion,Haphazardly
Hitting the right notes fashion,Hard-to-believe
Holiday spirit,Hard-to-swallow
Honest expression,Hardened
Honorable fashion,Hardhearted
Hopeful outlook,Hardheadedness
Hottest style,Harsh-looking
Humble fit,Hazardous
Humorous approach,Headache-inducing
Hypnotic pattern,Heart-rending
Haute couture,Ignoble
Hand-sewn,Ignominious
Handmade,Ignorant
Handy pockets,Ill-advised
Happy ensemble,Ill-bred
Happy medium,Ill-considered
Hardworking attitude,Ill-defined
Harmonious blend,Ill-disposed
Head-to-toe chic,Ill-fated
Heartfelt touch,Ill-formed
Heavenly softness,Ill-mannered
Helpful asset,Ill-natured
High fashion appeal,Ill-sorted
High-performance fabric,Ill-suited
High-quality construction,Ill-tempered
High-style edge,Illegitimate
Highlight of the wardrobe,Illogical
Hipster vibe,Illusory
Historic fashion statement,Imaginary
Hitting the jackpot fashion,Imbalanced
Holiday attire,Imbecilic
Honest representation,Immaterial
Honorable style,Immoderate
Hopeful fashion-forward design,Immoveable
Hottest trend,Immune
Humble elegance,Impaired
Humorous twist,Impalpable
Hypnotizing beauty,Impassable
Handy accessory,Impatient
Happy feeling,Impeccable
Heartfelt sincerity.,Impending
Ideal,Imperative
Imaginative,Imperfect
Immaculate,Imperious
Immortal,Impertinent
Impressive,Impetuous
Improved,Impolite
Incomparable,Impotent
Incredible,Kafkaesque
Indestructible,Kiboshed
Individual,Kicked
Indulgent,Kilter
Infallible,Kindless
Ingenious,Kinless
Innovative,Kinky
Inquisitive,Knavish
Inspiring,Knotty
Instinctive,Knocked
Intense,Knotted
Intricate,Know-nothing
Intuitive,Knownothings
Inventive,Knockoff
Invigorating,Knockout
Irresistible,Kooky
Iconic,Kowtowed
Icy,Kryptonite
Idealistic,Killjoy
Illuminating,Kindless
Imagistic,Kinless
Impeccable,Knavishness
Important,Kneaded
Impressive cut,Kneecapped
In full bloom fashion,Knickknack
In the groove fashion,Knifed
In the limelight fashion,Knightmare
In the mood fashion,Knitpick
In vogue fashion,Knitted
Indelible style,Knobby
Indispensable fashion,Knockaround
Indulging comfort,Knockback
Infallible quality,Knockdown
Ingenious design,Knockout
Innovative approach,Knottiness
Inquisitive fashion,Knuckled
Inspiring fashionista,Knuckleduster
Instinctive fit,Knurling
Intense style,Kookiness
Intricate design,Koreless
Intuitive appeal,Kosher
Inventive pattern,Kowtowing
Invigorating energy,Kraken
Jazzy,Kudzu
Jewel-toned,Kungfu
Jolly,Kooky
Joyful,Kneecapping
Jubilant,Kneeing
Juicy,Kneeler
Jumps out,Knobbiest
Just right,Lackluster
Jovial,Lame
Jitterbug,Lamentable
Kaleidoscopic,Languid
Keen,Larceny
Keeper,Lashed
Kinetic,Latchkey
Kissable,Latent
Knockout,Laxity
Know-how,Lazy
Kindred,Leakiness
Kicky,Leaky
Killer,Lecherous
Kittenish,Lethargic
Knitwear,Liable
Knowledgeable,Lickspittle
Kooky,Liegeless
Kosher,Lifeless
Kempt,Lightless
Knightly,Lilliputian
Kawaii,Limitless
Keyed-up,Litigious
Kind-hearted,Loathsome
Lacy,Lobotomy
Ladylike,Lonely
Laid-back,Longwinded
Larky,Lopsided
Latchkey,Loser
Lavender,Lost
Laze,Loudmouthed
Leader,Lounging
Leading,Loveless
Leafy,Lowlife
Lean,Lowly
Learning,Lozenge
Leather,Lousy
Legendary,Lubber
Leggy,Lubricious
Leisure,Lumpy
Lemon,Lurid
Lengthening,Lurking
Lenticular,Lush
Lethal,Lustful
Levity,Luxuriant
Lickety-split,Luxurious
Life-giving,Lying
Lifelike,Lying-in
Lifelong,Lyingly
Light,Laggard
Light-hearted,Lackadaisical
Likable,Mad
Like-minded,Maladroit
Limber,Malaise
Limpid,Malcontent
Lissome,Maleficent
Listenable,Malevolent
Lively,Malicious
Living,Malignant
Lofty,Mangled
Logical,Mangy
Long-lasting,Maniacal
Long-time,Manipulative
Long-wearing,Mannish
Lovable,Mawkish
Lovely,Mean
Loving,Measly
Low-key,Mediocre
Loyal,Melancholic
Lucid,Melancholy
Lucky,Menacing
Luminous,Mendacious
Lush,Mephitic
Luxe,Mercenary
Luxuriant,Merciless
Luxurious,Messy
Lyrical,Mettlesome
Lively colors,Miasmic
Lively patterns,Miffed
Long-lasting quality,Mighty
Loveable designs,Minacious
Low-maintenance,Minatory
Loyal craftsmanship,Miserable
Luminous fabric,Misguided
Luscious fabrics,Misleading
Luxe leather,Mismanaged
Luxuriant appeal,Misogynistic
Luxurious details,Misplaced
Laid-back style,Misshapen
Ladylike elegance,Mistaken
Landmark fashion,Mistrustful
Lap of luxury fashion,Mocking
Lasting quality,Moldy
Latest trend,Moody
Lavish look,Morbid
Leafy pattern,Mordant
Leggy look,Moronic
Leisurely style,Mortifying
Lemon yellow hue,Mournful
Lengthening effect,Mouthy
Lenticular design,Muddled
Lethal charm,Naff
Levity in style,Nagging
Life-giving hues,Naive
Lifelike appearance,Nasty
Lifelong appeal,Nauseous
Light as a feather,Needy
Light-hearted design,Negative
Likeliness factor,Neglected
Like-minded attire,Negligent
Limber style,Nervous
Limpid clarity,Neurotic
Lissome lines,Niggling
Listenable comfort,Nightmarish
Living color,Nihilistic
Lofty stature,Noisy
Logical approach,Nonchalant
Long-lasting wear,Noncommittal
Long-time favorite,Nonfunctional
Long-wearing style,Nonsensical
Lovable fit,Nonstandard
Lovely aesthetics,Nonstop
Loving attention to detail,Notorious
Low-key chic,Numb
Magnetic,Nurturing
Majestic,Nutty
Marvelous,Nasty-looking
Masculine,Nasty-smelling
Masterful,Neglected-looking
Matronly,Neglected-smelling
Maxi,Negative-looking
Measured,Negative-smelling
Mellifluous,Nervous-looking
Melodic,Nervous-smelling
Men's,Neurotic-looking
Menswear-inspired,Neurotic-smelling
Merry,Niggling-looking
Mesmerizing,Niggling-smelling
Metallic,Nightmarish-looking
Meticulous,Nightmarish-smelling
Metro,Nihilistic-looking
Middle-aged,Nihilistic-smelling
Midriff,Noisy-looking
Mighty,Noisy-smelling
Mindful,Nonchalant-looking
Mini,Nonchalant-smelling
Minimal,Noncommittal-looking
Minute,Noncommittal-smelling
Mirthful,Nonfunctional-looking
Mod,Nonfunctional-smelling
Modern,Nonsensical-looking
Modest,Objectionable
Momentous,Oblivious
Monochromatic,Obscene
Moody,Obsolete
Moreish,Obstructive
Motivating,Obtuse
Mottled,Odious
Mountainous,Offensive
Multicolored,Off-putting
Multidimensional,Oily
Multifaceted,Ominous
Multipurpose,Opposed
Multiplicative,Oppressive
Multitasking,Opting-out
Musing,Ordinary
Must-have,Outdated
Muted,Outlandish
Mysterious,Outrageous
Mystic,Outspoken
Mythical,Overbearing
Macho,Overdue
Made-to-measure,Overpriced
Magical,Overrated
Natty,Overstated
Natural,Overwhelmed
Neat,Overworked
Nifty,Overtaxed
Nostalgic,Overused
Noteworthy,Overwhelming
Nouveau,Overwhelmingly
Novel,Owed
Nutty,Own-worst-enemy
Nurturing,Oxidized
Natty,Objectionable-looking
Navy,Oblivious-looking
Near,Obscene-looking
Neoteric,Obsolete-looking
Nice,Obstructive-looking
Noble,Obtuse-looking
Nocturnal,Odious-looking
Nonchalant,Offensive-looking
Nonstop,Off-putting-looking
Nordic,Oily-looking
Normal,Ominous-looking
Normative,Outdated-looking
Nostalgic,Outlandish-looking
Notable,Outrageous-looking
Noted,Outspoken-looking
Noteworthy,Overbearing-looking
Nourishing,Overpriced-looking
Nubile,Pained
Number one,Paltry
Nurturing,Pandemic
Nude,Panic
Nugatory,Paranoia
Numerable,Paranoid
Numerate,Pessimistic
Numerical,Petty
Nutritious,Phony
Nutty,Picky
Nymphlike,Pitiful
Nymphomaniac,Pompous
Noble,Poor
Nifty,Pore-clogging
Nimble,Possessive
Nippy,Prickly
Nerve-wracking,Problematic
Nesting,Procrastinating
Networked,Procrastination
Neutral,Procrastinator
Newborn,Profanity
Next level,Profiteering
Nice-looking,Prohibitive
Obedient,Prolonged
Objective,Promiscuous
Obliging,Promote-less
Obsessive,Prosaic
Obtainable,Protracted
Oceanic,Provocative
Odd,Pseudo
Offbeat,Psychotic
Official,Puerile
Offset,Pulled-apart
Oh-so-comfortable,Punishing
Oiled,Punitive
Okay,Purgatorial
Olympian,Pus-filled
Omnipotent,Putrid
On-brand,Puzzled
On-point,Puzzling
On-trend,Painful-looking
One-of-a-kind,Paltry-looking
Oneness,Pandemic-looking
Open-minded,Panic-looking
Operative,Paranoid-looking
Opportune,Pessimistic-looking
Optimistic,Phony-looking
Opulent,Picky-looking
Orderly,Pitiful-looking
Organized,Pompous-looking
Oriental,Ripped
Ornamental,Ruined
Ornate,Ragged
Outstanding,Repulsive
Over-the-top,Reject
Overjoyed,Ratty
Overwhelming,Rancid
Overt,Rusty
Owning,Repugnant
Ownable,Rough
Out of this world,Rude
Outlandish,Rejected
Outrageous,Rancorous
Outright,Raunchy
Outstanding,Rotten
Overflowing,Rundown
Overjoyed,Ratty-looking
Overpowering,Ripped-off
Overachieving,Rude-looking
Overflowing,Rancid-smelling
Outstandingly,Ratty-smelling
Owing,Refurbished
Oxygenated,Refuse
Pampering,Rigid
Paradisiacal,Regrettable
Paragon,Retrograde
Paramount,Reprehensible
Passionate,Reckless
Paternal,Relentless
Patrician,Repelling
Peaceful,Recycled
Peachy,Redundant
Peerless,Remorseless
Perfect,Repetitive
Perky,Regressive
Permanent,Resentful
Perpetual,Repellant
Personable,Repulsive-looking
Petite,Retarded
Phenomenal,Risible
Piquant,Ridiculous
Picturesque,Robustious
Pioneering,Rough-looking
Playful,Rowdy
Plucky,Rude-smelling
Plush,Rugged-looking
Poised,Rustic-looking
Polished,Rusty-looking
Popular,Ratty-looking
Posiible,Ruinous
Positive,Stained
Powerful,Shabby
Practical,Smelly
Precious,Scratched
Precise,Soiled
Premium,Scuffed
Prestigious,Scam
Priceless,Slightly torn
Prime,Snagged
Pristine,Shrunken
Private,Stinky
Prize-winning,Stained collar
Productive,Shrunk
Proficient,Stiff
Progressive,Scrappy
Prominent,Slouchy
Proud,Scuzzy
Provocative,Shoddy
Prudent,Sad
Pure,Saggy
Purifying,Sloppy
Purposeful,Strained
Purrfect,Split
Quality,Stinky armpits
Quaint,Stale
Queenly,Spotty
Quick-witted,Snug
Quintessential,Scaly
Quiet,Strangled
Quirky,Sagging
Quivering,Slipping
Quixotic,Subpar
Quotable,Sweaty
Radiant,Sagged
Rapturous,Soggy
Ravishing,Scathing
Reassuring,Sordid
Refined,Scrunchy
Refreshing,Shaggy
Regal,Sickly
Regenerating,Soaked
Reliable,Scruffy
Remarkable,Smeared
Renewing,Sinking
Resilient,Sucky
Resourceful,Splotchy
Revered,Spoiled
Revolutionary,Staticky
Rewarding,Straggly
Rich,Scarred
Righteous,Tacky
Riveting,Terrible
Robust,Tired
Rockin',Trashy
Romantic,Tight
Roomy,Torn
Rosy,Tacky
Royal,Tattered
Rubicund,Tacky
Rugged,Threadbare
Rustic,Terrible
Radiating,Too small
Ready,Too big
Real,Thinning
Realistic,Tacky
Reasonable,Tarnished
Receptive,Terrible
Recharged,Ugly
Reclaiming,Unattractive
Recognizable,Uncomfortable
Reconciling,Unfashionable
Red-carpet,Unflattering
Redemptive,Unwearable
Refinedly,Used
Refreshed,Used-up
Regal-looking,Unappealing
Regeneratingly,Unappealing
Regenerative,Unbecoming
Regular,Unchic
Reliable-looking,Uncool
Remarkably,Underwhelming
Reminiscent,Unfashionable
Renewed,Unfit
Renowned,Uninspired
Resiliently,Uninteresting
Resourcefully,Unkempt
Responsive,Unpolished
Restorative,Unrefined
Revamped,Unruly
Revealing,Unraveled
Reverenced,Unstylish
Reverent,Untailored
Revitalized,Unwanted
Rewardable,Unwashed
Rewardingly,Unwearable
Richly,Uptight
Right,Used
Righteous-looking,Uninviting
Robustly,Uninspiring
Rock-solid,Unimpressive
Rocking,Vain
Romantic-looking,Vandalized
Roomier,Vanished
Roomiest,Vengeful
Roominess,Venomous
Rose-colored,Vermin
Rosy-cheeked,Vexing
Round-the-clock,Vicious
Royal-looking,Victim
Rubicund-looking,Vilified
Ruggedly,Villainous
Rustic-looking,Violated
Racy,Violent
Radiantly,Vomit
Raffish,Vulgar
Raggedly,Wasted
Rallying,Weak
Rambunctious,Wearisome
Rampant,Weary
Rancorous,Weird
Rank,Whacked
Rapid,Whiny
Rapt,Wicked
Rare,Wild
Rational,Willful
Ravaged,Wilted
Raving,Wimpy
Reaffirming,Wired
Ready-to-wear,Witchy
Realistic-looking,Withdrawn
Reasonably-priced,Woeful
Receptive-looking,Worn
Rejuvenating,Worrisome
Stylish,Wounded
Sophisticated,Wrathful
Stunning,Wronged
Striking,X-rated
Sharp,Xanthous (yellowish)
Svelte,Xenophobic
Suave,Yawn-inducing
Sensational,Yearning
Satisfying,Yellowed
Supreme,Yucky
Sumptuous,Zealous
Serene,Zero
Sublime,Zesty
Splendid,Zigzagging
Superb,bad
Sweet,poor
Swanky,worst
Sassy,torned
Sporty,smelly
Snug,discoloured
Smooth,discolored
Soft,holes
Silky,dirty
Shimmering,stained
Shapely,stinky
Sleek,pricy
Slimming,
Sculpting,
Supportive,
Secure,
Solid,
Special,
Sparkling,
Spiffy,
Spunky,
Strappy,
Sunny,
Supreme,
Spirited,
Summery,
Simple,
Striped,
Satiny,
Stunningly,
Suitable,
Showstopping,
Sunshiney,
Seasonal,
Summertime,
Softly,
Trendy,
Tailored,
Terrific,
Top-notch,
Tasteful,
Timeless,
Tender,
Thrilling,
Tranquil,
Tempting,
Textured,
Terrifically,
Tantalizing,
Trustworthy,
Trim,
Terrifically,
Thrillingly,
True-to-size,
Thoughtful,
Tidy,
Tenacious,
Tonic,
Tempered,
Triumphant,
Titillating,
Toned,
Terrifically,
Tastefully,
Transformative,
Touchable,
Thriving,
Together,
Thrive,
Tactile,
Tempestuous,
Tactful,
Thorough,
Tidy,
Tranquility,
Trending,
Touching,
Thankful,
Transcendent,
Time-saving,
Treasured,
Trusting,
Tastemaker,
Tenderly,
Tempted,
Thrilled,
Unique,
Ultramodern,
Unbeatable,
Uncompromising,
Unforgettable,
Unmatched,
Uplifting,
Up-to-date,
Uncommon,
Ultra-chic,
Vibrant,
Versatile,
Valuable,
Vogue,
Velvety,
Vivacious,
Ventilated,
Valiant,
Vintage-inspired,
Visionary,
Wonderful,
Well-made,
Whimsical,
Warm,
Winning,
Wealthy-looking,
World-class,
Witty,
Weightless,
Wildly fashionable,
good,
nice,
beautiful,
wow,
excellent,
superv,
absoultely wonderful,
